{
  "id": "1580839",
  "name": "家佳惠购商城",
  "font_family": "iconfont",
  "css_prefix_text": "icon-",
  "description": "",
  "glyphs": [
    {
      "icon_id": "351749",
      "name": "返回顶部",
      "font_class": "fanhuidingbu",
      "unicode": "e609",
      "unicode_decimal": 58889
    },
    {
      "icon_id": "354575",
      "name": "密码",
      "font_class": "iconfontmima",
      "unicode": "e623",
      "unicode_decimal": 58915
    },
    {
      "icon_id": "397898",
      "name": "移动端，手机端",
      "font_class": "shouji",
      "unicode": "e61a",
      "unicode_decimal": 58906
    },
    {
      "icon_id": "478781",
      "name": "商家",
      "font_class": "shangjia",
      "unicode": "e616",
      "unicode_decimal": 58902
    },
    {
      "icon_id": "526001",
      "name": "返回",
      "font_class": "fanhui",
      "unicode": "e618",
      "unicode_decimal": 58904
    },
    {
      "icon_id": "749945",
      "name": "评论",
      "font_class": "pinglun",
      "unicode": "e62f",
      "unicode_decimal": 58927
    },
    {
      "icon_id": "816476",
      "name": "搜索",
      "font_class": "sousuo1",
      "unicode": "e638",
      "unicode_decimal": 58936
    },
    {
      "icon_id": "840996",
      "name": "删除",
      "font_class": "icon7",
      "unicode": "e667",
      "unicode_decimal": 58983
    },
    {
      "icon_id": "845579",
      "name": "圈",
      "font_class": "quan",
      "unicode": "e741",
      "unicode_decimal": 59201
    },
    {
      "icon_id": "856966",
      "name": "向上",
      "font_class": "up",
      "unicode": "e617",
      "unicode_decimal": 58903
    },
    {
      "icon_id": "1037673",
      "name": "留言",
      "font_class": "liuyan",
      "unicode": "e610",
      "unicode_decimal": 58896
    },
    {
      "icon_id": "1079737",
      "name": "已使用",
      "font_class": "yishiyong",
      "unicode": "e67e",
      "unicode_decimal": 59006
    },
    {
      "icon_id": "1134330",
      "name": "钱袋",
      "font_class": "qiandai",
      "unicode": "e67d",
      "unicode_decimal": 59005
    },
    {
      "icon_id": "1137807",
      "name": "售后管理",
      "font_class": "shouhouguanli",
      "unicode": "e699",
      "unicode_decimal": 59033
    },
    {
      "icon_id": "1145528",
      "name": "分类02",
      "font_class": "menus",
      "unicode": "e613",
      "unicode_decimal": 58899
    },
    {
      "icon_id": "1185485",
      "name": "微信",
      "font_class": "weixin",
      "unicode": "e63f",
      "unicode_decimal": 58943
    },
    {
      "icon_id": "1215755",
      "name": "加",
      "font_class": "jia",
      "unicode": "e620",
      "unicode_decimal": 58912
    },
    {
      "icon_id": "1245859",
      "name": "拼团专区",
      "font_class": "pintuanzhuanqu",
      "unicode": "e64c",
      "unicode_decimal": 58956
    },
    {
      "icon_id": "1265514",
      "name": "购物车",
      "font_class": "gouwuche",
      "unicode": "e606",
      "unicode_decimal": 58886
    },
    {
      "icon_id": "1272133",
      "name": "分享",
      "font_class": "fenxiang-1",
      "unicode": "e60d",
      "unicode_decimal": 58893
    },
    {
      "icon_id": "1287695",
      "name": "设置",
      "font_class": "shezhi",
      "unicode": "e604",
      "unicode_decimal": 58884
    },
    {
      "icon_id": "1301372",
      "name": "时间",
      "font_class": "shijian",
      "unicode": "e65f",
      "unicode_decimal": 58975
    },
    {
      "icon_id": "1374722",
      "name": "短信",
      "font_class": "duanxin",
      "unicode": "e60e",
      "unicode_decimal": 58894
    },
    {
      "icon_id": "1386568",
      "name": "民政信息-低保人员",
      "font_class": "minzhengxinxi-dibaorenyuan",
      "unicode": "e62c",
      "unicode_decimal": 58924
    },
    {
      "icon_id": "1424269",
      "name": "对勾",
      "font_class": "duigou",
      "unicode": "e659",
      "unicode_decimal": 58969
    },
    {
      "icon_id": "1586153",
      "name": "降序",
      "font_class": "jiangxu",
      "unicode": "e6a1",
      "unicode_decimal": 59041
    },
    {
      "icon_id": "1667287",
      "name": "向右",
      "font_class": "xiangyou",
      "unicode": "e630",
      "unicode_decimal": 58928
    },
    {
      "icon_id": "2075260",
      "name": "支付宝",
      "font_class": "zhifubao",
      "unicode": "e608",
      "unicode_decimal": 58888
    },
    {
      "icon_id": "2076370",
      "name": "高小",
      "font_class": "gaoxiao",
      "unicode": "e8bd",
      "unicode_decimal": 59581
    },
    {
      "icon_id": "2849723",
      "name": "优惠",
      "font_class": "youhui",
      "unicode": "e64a",
      "unicode_decimal": 58954
    },
    {
      "icon_id": "3207723",
      "name": "睁眼",
      "font_class": "icon-eye-open",
      "unicode": "e60f",
      "unicode_decimal": 58895
    },
    {
      "icon_id": "3544170",
      "name": "修改",
      "font_class": "ico_compile",
      "unicode": "e657",
      "unicode_decimal": 58967
    },
    {
      "icon_id": "4237369",
      "name": "首页",
      "font_class": "shouye",
      "unicode": "e62d",
      "unicode_decimal": 58925
    },
    {
      "icon_id": "4933168",
      "name": "选中订单",
      "font_class": "xuanzhongdingdan",
      "unicode": "e6ce",
      "unicode_decimal": 59086
    },
    {
      "icon_id": "4933391",
      "name": "升序",
      "font_class": "shengxu",
      "unicode": "e751",
      "unicode_decimal": 59217
    },
    {
      "icon_id": "5270851",
      "name": "待评价-我的",
      "font_class": "daipingjia",
      "unicode": "e612",
      "unicode_decimal": 58898
    },
    {
      "icon_id": "5390964",
      "name": "订单",
      "font_class": "dingdan",
      "unicode": "e704",
      "unicode_decimal": 59140
    },
    {
      "icon_id": "5485622",
      "name": "地址",
      "font_class": "dizhi",
      "unicode": "e605",
      "unicode_decimal": 58885
    },
    {
      "icon_id": "5712912",
      "name": "关闭",
      "font_class": "guanbi",
      "unicode": "e61b",
      "unicode_decimal": 58907
    },
    {
      "icon_id": "5828515",
      "name": "热门",
      "font_class": "remen",
      "unicode": "e6be",
      "unicode_decimal": 59070
    },
    {
      "icon_id": "6003013",
      "name": "注销",
      "font_class": "zhuxiao",
      "unicode": "e60a",
      "unicode_decimal": 58890
    },
    {
      "icon_id": "6265237",
      "name": "菜单",
      "font_class": "menu-line",
      "unicode": "e653",
      "unicode_decimal": 58963
    },
    {
      "icon_id": "6333671",
      "name": "相机",
      "font_class": "xiangji",
      "unicode": "e615",
      "unicode_decimal": 58901
    },
    {
      "icon_id": "6360092",
      "name": "支付平台-银联",
      "font_class": "zhifupingtai-yinlian",
      "unicode": "e614",
      "unicode_decimal": 58900
    },
    {
      "icon_id": "6970010",
      "name": "编辑",
      "font_class": "bianji",
      "unicode": "e6f5",
      "unicode_decimal": 59125
    },
    {
      "icon_id": "7310555",
      "name": "闭眼",
      "font_class": "biyan",
      "unicode": "e611",
      "unicode_decimal": 58897
    },
    {
      "icon_id": "7474662",
      "name": "售后管理",
      "font_class": "shouhouguanli1",
      "unicode": "e602",
      "unicode_decimal": 58882
    },
    {
      "icon_id": "8121733",
      "name": "购物车 - 副本",
      "font_class": "gouwuche-2",
      "unicode": "e640",
      "unicode_decimal": 58944
    },
    {
      "icon_id": "8219244",
      "name": "搜索",
      "font_class": "sousuo",
      "unicode": "e60c",
      "unicode_decimal": 58892
    },
    {
      "icon_id": "8288820",
      "name": "爱心",
      "font_class": "aixin",
      "unicode": "e83f",
      "unicode_decimal": 59455
    },
    {
      "icon_id": "8358947",
      "name": "中文3",
      "font_class": "zhongwen",
      "unicode": "e6c6",
      "unicode_decimal": 59078
    },
    {
      "icon_id": "8605730",
      "name": "客服",
      "font_class": "kefu",
      "unicode": "e665",
      "unicode_decimal": 58981
    },
    {
      "icon_id": "8653551",
      "name": "删除",
      "font_class": "shanchu",
      "unicode": "e619",
      "unicode_decimal": 58905
    },
    {
      "icon_id": "8843510",
      "name": "减",
      "font_class": "jian",
      "unicode": "e644",
      "unicode_decimal": 58948
    },
    {
      "icon_id": "9606765",
      "name": "优惠券",
      "font_class": "youhuiquan",
      "unicode": "e60b",
      "unicode_decimal": 58891
    },
    {
      "icon_id": "9732407",
      "name": "已过期",
      "font_class": "yiguoqi",
      "unicode": "e65c",
      "unicode_decimal": 58972
    },
    {
      "icon_id": "9974764",
      "name": "圈-对",
      "font_class": "quan-dui",
      "unicode": "e712",
      "unicode_decimal": 59154
    },
    {
      "icon_id": "9974770",
      "name": "筛选",
      "font_class": "shaixuan",
      "unicode": "e714",
      "unicode_decimal": 59156
    },
    {
      "icon_id": "10143467",
      "name": "用户",
      "font_class": "yonghu",
      "unicode": "e61c",
      "unicode_decimal": 58908
    },
    {
      "icon_id": "10715454",
      "name": "星",
      "font_class": "xing",
      "unicode": "e639",
      "unicode_decimal": 58937
    },
    {
      "icon_id": "10809190",
      "name": "加 添加",
      "font_class": "changyongtubiao-xianxingdaochu-zhuanqu-",
      "unicode": "e70a",
      "unicode_decimal": 59146
    },
    {
      "icon_id": "11882431",
      "name": "商户批量入驻",
      "font_class": "shanghupiliangruzhu",
      "unicode": "e62b",
      "unicode_decimal": 58923
    }
  ]
}
